{
  "images" : [
    {
      "idiom" : "iphone",
      "scale" : "1x"
    },
    {
      "filename" : "launch_screen_480@2x.png",
      "idiom" : "iphone",
      "scale" : "2x"
    },
    {
      "idiom" : "iphone",
      "scale" : "3x"
    },
    {
      "idiom" : "iphone",
      "scale" : "1x",
      "subtype" : "retina4"
    },
    {
      "filename" : "launch_screen_568@2x.png",
      "idiom" : "iphone",
      "scale" : "2x",
      "subtype" : "retina4"
    },
    {
      "idiom" : "iphone",
      "scale" : "3x",
      "subtype" : "retina4"
    },
    {
      "filename" : "launch_screen_736@3x.png",
      "idiom" : "iphone",
      "scale" : "3x",
      "subtype" : "736h"
    },
    {
      "filename" : "launch_screen_667@2x.png",
      "idiom" : "iphone",
      "scale" : "2x",
      "subtype" : "667h"
    },
    {
      "filename" : "launch_screen_812@3x.png",
      "idiom" : "iphone",
      "scale" : "3x",
      "subtype" : "2436h"
    },
    {
      "filename" : "launch_screen_1024.png",
      "idiom" : "ipad",
      "scale" : "1x"
    },
    {
      "filename" : "launch_screen_1024@2x.png",
      "idiom" : "ipad",
      "scale" : "2x"
    }
  ],
  "info" : {
    "author" : "xcode",
    "version" : 1
  }
}
